r_s;t_f;r_f;maxNum;u_max;c_max;rho_max
0.9189978812248660;10.6950319370537006;10.9990000000000006;7386.0000000000000000;13.2816521013062356;3.6532430245406919;650.7179975893229766
