dm;t_E1;r_E1;r_E2;T%;d_reg%
1.5562693484940127;10.6950307912041112;10.9989919274126233;10.9990074624816074;99.9999892861508357;99.2537518393116756
