dm;t_E1;r_E1;r_E2;T%;d_reg%
1.7903992989255268;0.5306835320806604;1.5017878618585789;1.5017888809901863;99.9999877347675721;98.3500506377671968
