r_s;t_f;r_f;maxNum;u_max;c_max;rho_max
0.9934607526498040;0.5306835971702371;1.5017882988425799;7404.0000000000000000;13.3131999685302453;3.6469334510958902;645.1180481440107997
