r_s;t_f;r_f;maxNum;u_max;c_max;rho_max
0.9942965530779480;0.5159047916481579;1.5017882988425799;12541.0000000000000000;30.8428870224980010;11.2633845594861679;1428.9161235198005215
