dm;t_E1;r_E1;r_E2;T%;d_reg%
1.4334555373959290;0.5159047929795637;1.5017883573607711;1.5017887217644179;100.0000002580719922;98.8013355903710817
