dm;t_E1;r_E1;r_E2;T%;d_reg%
1.8260998431076736;10.3005435679842332;10.9989558753490630;10.9990114887388337;99.9999861463818718;98.8511261166828348
