r_s;t_f;r_f;maxNum;u_max;c_max;rho_max
0.9322774040264430;10.3005449949824008;10.9990000000000006;12516.0000000000000000;30.8170338062176228;11.2720022982462940;1432.1984716797996953
