r_s;t_f;r_f;maxNum;u_max;c_max;rho_max
0.9921627897682220;1.1014197104201100;2.0451847231855900;12244.0000000000000000;13.3005808216440151;3.6494572804731362;647.3533822722428113
