dm;t_E1;r_E1;r_E2;T%;d_reg%
1.6244397978902470;1.1014197161608270;2.0451848880951027;2.0451849735479635;100.0000005212106657;99.6782713543714749
