r_s;t_f;r_f;maxNum;u_max;c_max;rho_max
0.9943953132705230;1.0692195695998301;2.0451847231855900;24923.0000000000000000;30.8364237184200540;11.2655389941788151;1429.7362398907962415
