dm;t_E1;r_E1;r_E2;T%;d_reg%
0.9799217022473528;1.0692195703930525;2.0451847732982587;2.0451847281024542;100.0000000741870423;99.9936815742178595
